{"train loss": 0.4104520208373028, "train accuracy": 86.27037037037037, "validation loss": 0.447448102213392, "validation accuracy": 84.86666666666667, "epoch": 10, "_timestamp": 1710682187.2466757, "_runtime": 196.81625366210938, "_step": 9, "_wandb": {"runtime": 196}}