{"train loss": 0.521656791293991, "train accuracy": 84.87407407407407, "validation loss": 0.5195460812906273, "validation accuracy": 84.98333333333333, "epoch": 10, "_timestamp": 1710681571.0592906, "_runtime": 291.3749716281891, "_step": 9, "_wandb": {"runtime": 291}}